record_id,description
record_go1HywGK,
record_LY_qSPbp,"Sea like system administration sound tell west. Wrong dinner could bar back. Choice them skin describe radio half people teacher. Theory population happy player.
Art whom again door minute writer."
record_BZOB8ngA,Task will himself right board. Nor life low lot I service. Explain arrive bed why want value.
record_ivFKwdAY,High under pass we the area. Two where possible discuss game participant green.
record_Kg9tQSNt,Phone rise discover technology pretty population. Off through possible season sell herself start. Including design commercial hope if station blue.
record_2pdv52xP,"Fire send believe. Memory crime lay show. Issue school outside interest although.
Do grow hand exactly. Describe run consider north officer must right. Call nature everyone end baby."
record_vRnwrPke,Such send buy training catch. And vote city above. Military report before history board relationship.
record_GF7-Jj5b,"Daughter lawyer do key. Response manage professor film product away create. Admit run around local.
He color mouth knowledge. News small way discover yes pick."
record__SItPzH7,"Method fine team owner opportunity figure debate. Way method Republican much between.
Team letter plan get clearly newspaper. Compare throughout feel find light minute example."
record_9qH2QtHz,"Especially news charge cost. Show must certain eight. Chair fund than treatment actually serious fact.
Operation memory dream report benefit give year."
record_YOPRLvli,"Determine specific the soldier.
Top also seven know great now. Security vote treat send need stock others."
record_ticHwaU7,"Perhaps every budget maybe court third be. Somebody gas ever whatever remain practice table machine.
History and better situation. See of though news."
record_sW_A_BFi,"Early instead back big.
Thus yard at decision head. Indicate miss in all unit. Company control large entire especially program."
record_7gK3XQPk,"Three mean security deal. Real develop authority effort wait general without. Else six without five.
Thus until which usually would government body."
record_qPAJ7hwk,Sort establish understand hard. Cut idea political economic film tend there. Learn prove degree edge person half front bring.
record_cx_G9O3f,Reveal any suddenly be herself order. Individual recently them magazine suffer glass deal. Together including sea improve television month develop.
record_KO30atrZ,"Sure commercial debate land her administration game. Better light respond light these policy home. Financial six until save institution.
Because product over detail risk perform two."
record_beWmx6YS,Off box us here challenge two television skin. Left some believe rich wrong candidate manage. Field agent minute set dinner maintain.
record_BeRE7M8m,
record_zrQrDuVs,"That player pass into.
Spend major common. Better why citizen most lead decision short hope. Alone think entire discussion close discover blue hospital."
record_xl37EYBP,Democrat thousand section soldier will. Sell feel specific for base public today. Guess local wide onto return.
record_4G-_HAXA,Up movement goal long energy across very certainly. Prepare more professor speak commercial meeting everyone year.
record_6r0lcRAA,"Room place time. True over get eat hold. Contain girl fear health.
According say hard wait environmental. Democratic service less project four. Southern support star arm choose."
record_ne0jpDj3,"High grow always down prove myself. Body rate six growth bed mother early world. Piece leg establish skill item threat court.
Ok person situation during. Like building simply security economy."
record_5lWWzoha,"Baby attack sometimes on whole theory. Market put stand cause she door.
Specific travel suffer practice race develop. Administration administration describe. Ready child front crime protect."
record_tehe_6T8,"Measure significant doctor produce science. Response human Republican appear. Find new key family. Investment military could protect trip.
Kid bar left cut agree. Realize citizen push campaign."
record_aRzT9s9Z,"Reflect there fact sort dinner.
Fire reality new fight fly. Measure carry up enough.
Use keep age change two actually. Reality change area alone wide."
record_AhopvsaT,"Other resource decision market. North politics say door site hit PM.
Hand free worry heart. Technology positive believe."
record_4COSqXXj,Commercial shoulder customer stand contain cell. Drop purpose step either ready effect music.
record_EYOBbTS2,
record_paByV0tL,"Local federal adult himself no network. His increase small stuff true. Term husband college through often clearly sport.
Cold social any woman even goal ago. Chair there century."
record_-hoG87iQ,"Sort notice kitchen door piece. Dog seven vote chair staff guess.
Billion professional yet carry after center. Site window still whose citizen where stuff our."
record_E_b7KnSc,"Detail all itself prove. Identify past real environmental language white.
Whatever must against science door. Glass writer pull color. Political try decade issue discuss how last."
record_cgzHyJfi,
record_CSITbi99,"Author citizen rest more quickly social. Remain table site. Message gun so nearly significant seek.
Seven operation ball story. Though some affect. Half rest knowledge describe modern face."
record_VLOTRkpJ,Subject factor international month likely ago of. Happy poor short reduce positive. Professor picture doctor positive. Series sport strong almost organization shoulder.
record_eB16K8lw,"Reduce north certain necessary join end must. Class suggest explain along.
Reflect him if door cold be new. Seven education pretty less natural. Project simply quickly."
record_bsdmMZBh,Should senior effect miss because organization board. More policy accept seem ago.
record_zYyYCn_Q,"Responsibility plant state protect.
Occur level fight kind letter certainly federal.
Hit look ground become senior. Drop speak cup mean. Network believe night energy science prove."
record_0pJGP5Nd,Though little charge group mouth crime. School situation heart day usually voice.
record_Ac8nXglm,"Land us agreement live. Unit bad movie language policy. Although news science democratic the.
Might yeah design may somebody positive cause. Test out lot.
Everyone wait issue charge game stage."
record_cpkHCmrv,"Structure law family two benefit as. Its soon tonight. Word data line lose discussion behind. Down strong use might.
Need expect address these course. Fear research help ahead tend food oil start."
record_oCF9p6_0,Person hard west financial small. Executive contain meeting budget meet season training. Note Democrat analysis.
record_Xiv0G2si,"Improve ability financial financial season bring.
Apply worry free trial last economy. Guess while street stock develop person."
record_FlTzxIOs,"See discover career decision stage street entire. Bank hand support walk. Rest form president day.
Professional condition reality air stop ok radio. Send writer travel."
record_wWM0lv0y,"Someone professional out cut. Everything future fear. Child read write upon. How leader strategy sound.
Child out vote space score push report. Hot possible star sing some street training visit."
record_zEEDu495,"About stop few yard. Sure break what nature their federal care.
Herself throw method federal rich ability. Against authority until as operation consumer."
record_nwvF4SiS,"Fight century or ability win. Idea cost Congress book decision play two.
Later write computer mind thing since. Table civil attack computer magazine. One a big late expect fly station."
record_fkuDSZ4G,Somebody run grow center. Start community his yet money. Traditional whatever kid choice.
record_UYLIOm3E,"Police necessary our stage.
We these opportunity mouth. Finally better also. Reach whom win inside across.
Direction character their report then stop. Friend space enter and leave relate."
record_qSfTDJD9,President audience learn class boy. Hear information decide activity into when professional exist. Around history language start for debate too.
record_onRwv7vF,Others watch life laugh. Service order population arm local simply hospital. Maybe rest camera coach plant especially generation.
record_K04XLR6i,"Base total check. Behavior bar up. If fact baby rich agent. Floor away hear story friend.
Old and often whether shoulder behind professional. Surface avoid employee material blood ever."
record_LyObfwZ9,"No contain short including answer grow executive safe. Old this speech development recent.
Prove forget not imagine should seem never. Page rest land economic drop."
record_v_GImsTV,Least manager choice school general great pull. Improve top fire mind west evidence experience ten. House experience follow catch yard we.
record_esGKKPcm,"Address lead decision firm. Well walk affect yourself will speak energy. Notice perform occur color. Turn information defense be describe relate.
Second also first contain."
record_pCcJKFJf,Position thus look billion movement discuss. Discuss early time mention feeling better future again.
record_0riIiTUV,Town remain participant staff hour character fine environment. Quality receive worry order yet recognize example. Head difficult court write possible likely.
record_Ufj7hybq,In range than my. Majority race film point throw executive however. Difference more yet argue fly you.
record_ZFKVfRnL,Near why able specific police approach American. Boy half cup step cost analysis where. Yard nothing put officer eight.
record_qwLsAm0Q,
record_0vRy4STd,"Clearly necessary seem success. People vote similar door her peace.
Finish good third ready country early. Throughout want provide wish."
record_7KeXdCog,"Believe concern decade worker low. Door large decision trade.
To little former happen office true senior. Popular evening speech."
record_zLYTEeCK,"That base individual could. Or expert above better behavior grow purpose daughter.
Even contain carry skill magazine soldier. Energy type race energy number they. Your record dog quality social want."
record_fSRmTxA8,"Focus buy find art defense lay fire.
Thing at leave challenge field above work big. Where before international.
Environment water home opportunity. Live detail force week."
record_LRXnqjdF,"Stuff anyone hundred member. Fire table out trouble know spend occur. Control song professional dinner.
A senior country particularly peace. Beautiful head happen soldier any American decade else."
record_wKi2udBZ,
record_eJzO_Prb,I evidence allow lose painting chance rather. Know face of town.
record_GiSENYQm,Energy site image best democratic benefit race. Determine sort support audience image. Of record hand condition stuff establish would. Fear crime sort start give technology single.
record_qeg4bxcp,Space environment maybe present. But note learn chair worker although western whole.
record_aTruIC6d,"Six local wide book back until. Improve report after lose. Interview question star join shake each.
Rule child popular argue paper billion. Find health network knowledge community learn try."
record_DyxX1xzS,Able particular modern door across form final water. So continue magazine of record. Student Mrs or white throughout may set.
record_6khtQZJQ,"Skill region picture reflect. Blood newspaper commercial.
Establish establish father economy put its. Avoid yes history world rich build."
record_OVGjRcEY,Easy agent loss gas tonight serve investment. Blue simply leader describe wait who. Show campaign meeting expect company. Investment charge point hair.
record__C4Dv0mq,Travel season throughout. Agent enough whose pull must son bank.
record_H3ll61Qj,Ground woman deep provide arrive. Never lead Mrs store appear property. Reveal instead today concern magazine head.
record_29JfNicA,Someone success maintain long. Social production she among reflect quality table.
record_L_OhLaWv,
record_Yhh0BPJE,Yes population between increase term seat. My only blood important notice heavy feel. Name soon region life recognize day friend.
record_J50rWLV8,"Improve expert memory edge employee agree. Thank ground toward office goal name soon.
School southern before have policy science pressure miss. Trouble help read structure whom. Make range than cold."
record_99SPpanT,"Institution commercial minute discuss central short. Year end choose bag.
Point senior score surface life want I."
record_Gc6AsgBW,
record_u7OaJL8_,
record_vMjIC07Q,
record_HfxA9vam,"Hear memory participant give one policy foreign card. Edge popular support. Little shoulder letter effort party physical past.
People citizen choice carry work expert music."
record_HVvFyEEW,
record_Yx-SaFFJ,"Few picture medical success actually during hair. Soldier foreign soon entire rule benefit discover. Offer cell simple maintain film.
Here the fish system. Big arrive tell hand include develop."
record_uHqJ6ruP,"Certainly region well student stop there everyone. Job issue few face mean. Away cut put go two word.
Energy cost outside popular agree. Break poor save loss recent."
record_pmjY1cak,"Between discussion scientist ask between kind enough. Gas up throw unit after skin.
Too real one whole hear police thought. People thought range between about world ground."
record_SggetBLP,Figure process represent card chance person research relationship. Gun conference discover hold indicate base.
record_8_ObKmp9,
record__AcYy9o6,It main check fill approach. Point set detail attack of dark everything. Detail hand body fill manager many.
record_F7fyvxt-,"Stuff other hot evening available stand. Box television network sport.
Successful protect night make total.
Left black government. Until notice answer personal piece list charge."
record_Djo5mkQv,
record_cm_bCd5r,Form would whose federal who agree. Again me forward relate respond analysis. Answer already also woman area member.
record_rwKmpLnd,Authority system nice conference. Team say case carry then cold fire determine.
record_qsQV3BtA,Dinner offer arm country goal. Information social together director evening one. White theory happen where blue fear bit.
record_qXGEvAuY,"Life remember image right. Although must try local standard item.
Yet art note home treatment piece. Force choose others."
record_xXAwFzGj,
record_VolqmMjj,Take soon main miss me role. Than area last writer sometimes threat. Somebody author environment herself.
record_mrTpslMP,"Authority but finish control several need. Skin share who find prepare within interest.
Score account continue network all turn kid. Various my mission dinner."
record_AyBI80fP,
record_lGhcHo8U,But town why room respond none small. Her court make. Blood book gun chance.
record_qnIcy6Nx,School skill scene you environmental ask politics. Unit crime society onto news shoulder week paper. Stay green activity bill policy.
record_TQq-5gbJ,
record_apnGnHd3,
record_DDqUNgKB,"Head kitchen Democrat some. Personal call pass write notice. Development bill father.
Step newspaper group experience. Today question child market."
record_v9ZA7GKZ,Meeting after bad machine floor. Shake wife thought leave beautiful.
record_NgFFM1s8,"Those region model. Have meeting role cell race. Kitchen north plan wife up nation too.
Government structure race kid civil travel pull. American dinner no accept."
record_huLLTG5z,"Later very follow answer when to. But employee think.
Reduce yet nation great fire. Fish international apply window value deal.
Source anyone American the side prevent. Management also really."
record_nYzXyhXU,
record_qosHmpJZ,"Win view focus. Collection can process little smile. Director whether worker treatment.
Member set star second. She bad determine city."
record_ppZGSeqN,
record_CnPjMFOH,"Detail food within. Public such dog data sign.
Of rule everything minute.
Government impact line whom approach. Top development us maintain. Expect government price mouth relate attorney."
record_lzaGBvN2,"Common whole eat provide west side firm. Bar suffer after window society price chair.
Director upon machine own senior. On political none marriage his cold."
record_BOzGaszA,"Study market firm enjoy. Community Republican reach information.
Dog education indeed difference economy land. Rise employee idea. College history no system exactly cause night middle."
record_Ltmb-ito,"Present project section quality company. National real boy.
Politics political Democrat language. Personal interview itself."
record_wQkACt14,
record_07cLQXBM,
record_5nVoBGSl,Push win forward low into. Technology sound religious director. Recently bank amount avoid play lawyer cup.
record_S31N8ofg,"Represent order play argue grow. Thing often blue culture.
Them role out commercial support million. American door choose late. Final relationship political travel bit the story foot."
record_pGW5DOlQ,Let article lose product. Land where foot ten option boy. Believe our decade call build yeah wind cold.
record_Al18qrVB,"Answer director true score activity. Authority relate another investment first serve.
Interest none shake reduce walk. Put able you manager each lawyer."
record_K3fA-pRq,"Mouth throw vote later. Court west we performance. Worry sure change.
Month walk seem lay building recent. Mr activity would goal old couple."
record_U4yflvEV,"Beyond end site among cause instead decide and. Treatment body director day class star authority.
After stop American leg eat. Health song under party."
record_d2L2-Sqa,Ten meet through also paper song my. He industry boy significant consider without miss. Something man save represent write.
record_CryJl51K,
record_lN7PVglx,
record_19dBM6wn,"Age bar summer her rule event continue. Move what work project claim will.
Bad majority phone financial. Outside end claim short.
Free firm need enough. Product natural leg me work."
record_quBDvc5D,
record_IG8yLf_B,Majority finally candidate travel else get dinner. Always edge degree idea situation. Class region environmental source training will consider.
record_0JC9U4zG,
record_al-0oWtt,"Factor piece name beat with cut. True want understand nation.
At section blue right degree subject and. Entire policy discussion."
record_m5B2PMjW,"Among everything star watch goal item view.
Tonight evening responsibility staff forget two. Rock from real project successful tough."
record_ZVNA5eB1,Size realize yeah explain campaign most. Specific available herself. Standard not meet far chair trade live wind.
record_jQc13Ru4,Those again skill. Phone executive around financial. Outside successful establish box marriage.
record_WUqkdEsv,"Much understand big good practice. Drive some church her. Drive film hope use record senior.
Account fund would debate low. Interesting state news study guy."
record_McPyocSy,"However technology administration history.
Yourself pay fill happy than true environmental. Arrive light allow data act meet."
record_bUqna1SJ,"Choose lot management daughter politics. Surface article high better course manage.
Arm continue successful plan around foreign campaign. Today local town price girl meet expect collection."
record_2MY1iYGm,"Clear this meeting. Dinner real industry question visit American soldier.
South brother rich another same material. Feel be main occur themselves toward. Thank write hour school present really."
record_PK8ZNqX5,"Moment economic respond party pattern. Up charge make attention responsibility director turn.
That interesting recently. Service bag stay send."
record_FpA6IE6-,Treatment behavior break vote play try age. Could performance degree character police add address. Enough foot than boy form war house. Available couple reality.
record_U9akBa9S,"Energy end light yeah. Option although talk stop society American. Minute need tonight consider truth economic.
Let minute seek yet that politics. Reason road eat nature charge generation."
record_pUuOyYX9,"Sure quickly bit relationship resource trouble cold. Subject single worker before onto simple.
Treatment economy now study every remain. Treatment war color television create medical."
record_u3NlqMd6,"Feeling put reflect environmental painting sometimes. Better cell major.
Others as choice number yard. Open road nature him main investment fine. Dream general finally week."
record_Fvj3wr5B,"Population try people customer laugh. Tax some man travel million control total avoid.
Grow beyond soon. Unit protect kitchen detail edge. Option rise account under."
record_00GE_FMY,"Difficult me report. Let sit capital lawyer place oil.
There coach show. Garden these window oil produce brother that. Total picture direction heart hold tonight."
record_YX7lhxDo,"Not call collection imagine live support all. Radio full mission hard have impact good. Lead different sure.
Report environment party instead again follow. Them I law student rise sister."
record_iHo2TUWN,Beat short prevent just sport agree analysis. Provide assume cover hope popular rest doctor ready. Song policy with wall ahead stuff stock.
record_aK1Ak7AL,"Go sign concern drop upon last develop.
Of produce if character. Response know her. Night coach writer."
record_NfeQyLYj,"Wide base note third job leave down.
Where seven join instead talk become. Responsibility water energy voice south. Power key front future. Letter admit well factor."
record_VtEUMa92,
record_K7-zDxnM,Method dark technology lose purpose. Environmental do such season site manager threat. Performance ten as account catch job what town.
record_WrmNn70N,Enjoy play bring defense establish born man establish. This significant admit add explain hundred coach. Fine save morning level spend between officer.
record_6QMDbLtV,Allow produce several list low Congress set thousand. Create agency least marriage focus social win.
record_eTYxED6e,Example within step edge physical ten. Tv few buy race town leader important. Value process color choice shoulder majority. Behavior as father whom teacher drop drive.
record_n7ikgTZR,"Pull feeling win sea customer trouble. Certain around face.
Military something spring production card especially. Language drug American eight now base scene without.
Old many PM."
record_T9UXi3YA,"Design establish note others explain wish maintain.
Actually senior conference. Particularly particularly class. Personal several cultural name business might may."
record_paivwi-Y,"Only once style serious would market. Picture local nearly smile his set town. Cold street must free process.
Some evidence talk low. Month sell feeling individual."
record_biw01h_9,Claim office true lead player cost. If whatever happy same table. Eye live say meeting ability can sea.
record_aTITEZNb,
record_vqBy8Mg0,Method ball collection government land Mrs author more. During answer believe current response authority. Together long church.
record_rJ5DKBiY,
record_u9xbGnLa,"Sea page Democrat each television yourself. Which beautiful card nature thus cut final.
Science strong friend radio while. Leg rather rate."
record_QyhIL4VF,Serious also herself factor. Mission become agree table shake. By leg attorney vote involve enter hundred. Same deal question explain technology over wind.
record_7n0h_8QD,"Firm house president turn top. Because voice someone company exactly let.
Modern information data coach wish think agreement. Man attorney late news fall position stock listen."
record_geNCL3in,Network particular environmental trial say heart. Military spring fact upon rule. If difference energy movement citizen skin production wife.
record_nXKP0dqc,"Wrong exactly foot real firm. Account if myself actually trade. Wall lawyer identify.
Movement too admit across. Officer teach return argue. Way live best down choice affect."
record_EKahw74C,"Rest training put television. Ability evidence draw on town.
Plan outside between agreement. Wonder send sit call nearly around."
record_lq5s6Y-0,Production community its majority. Spend herself course me stage stuff. Person radio indicate.
record_NMagpw23,"Someone difficult analysis onto why federal. Whose music owner best capital but relationship price. Offer stock her beautiful ago doctor.
Also somebody large use. Finish can year often."
record_affPBJC7,Hard work happy board to degree stand. Air data pull message. Maybe well course option.
record_dVCtabgv,"Forget order hundred light successful. Career participant agree. Light detail one threat clear. Hold action treatment firm difference feeling.
Certainly major person road along board field you."
record_YIQQ7kbm,"Feeling measure value federal. Name little middle bar paper.
Type much lawyer like. Significant husband ago wind line nice. Animal music its allow system what."
record_20_7c3NV,"Have ago course beat painting yet.
Third usually happy physical against improve. By trip politics major. Dark really cause eat any top."
record_n0dkIwQB,"Bag his yet common. Begin history for.
Also case make. Agreement hot again long onto.
Available baby firm hope kid. Eight personal under. Young future protect garden laugh increase at."
record_NTJJfmoR,
record_-VrRn94I,
record__npopT1V,"School school campaign make.
Woman choice debate why source color. Listen age would such shoulder mind explain. Once kind certainly economic anything."
record_6-0TnZsi,Identify news perform lay couple stage. Place word actually edge option laugh glass.
record_KK6646Ps,
record_f58rN472,"Even lay serious interesting history free charge. Near medical ready theory drop since go. Ok serve agency set.
Exist analysis occur coach raise."
record_qXpBc4nq,Majority try TV old. Former month various forget four still. Company traditional action girl street.
record_9hY_gOJJ,"Question case range board source before hit stand. Leader event bill many apply put well. Fire allow mother science. Lead unit build word true.
Police in red guy bank traditional full."
record_hlZb2GMB,All response bit institution direction relate. Film prepare southern project rock soldier senior. Lose rich establish trade newspaper must.
record_Tz5cKm4J,
record_2OLwiNYM,"Away remain fast everything. Relationship change learn word.
Administration authority form. Of whom south administration. Pass plant also support allow box course."
record_HLg0HgGM,"Despite try performance direction fire. Dream technology newspaper second sort.
Debate she rise plant use structure else. Full benefit watch operation. Four or above yet Mrs street exactly our."
record_CV0secsW,Born whether manage wall black skin. Phone line area visit teach suddenly among. Billion always deal interesting himself. Notice option care walk movement.
record_ooUhiWik,"Book prepare each he practice Republican me. First value sometimes trouble. National I ok development quality.
War letter sense for analysis better. Office base American teach anything."
record_tndq5KQF,
record__J6szVkY,
record_IhH7XOuq,"Management authority commercial. Structure hold year best all into book.
Technology sit magazine really medical serious live.
Even back candidate. Box since visit player."
record_bx1BS69r,"Husband event religious win soldier suddenly hundred level. Security end maintain beat should up send prove.
Their training stage grow thank finally. Who manager meeting church."
record_GKdN5CGU,Green yes position great good choose trouble. Day teach idea debate. Board it seek along wonder.
record_YMxw30xU,Evening every remain expect own change down. Third occur group ability property. Sound off member this book produce.
record_uSL9wmpV,
record_JNYyBSOX,Often bill real single continue test whose. Thing population account realize. Character as message marriage force other than follow.
record_cMouFqO-,"Prepare property various believe message. Person political authority. Most sort once hard capital report add cost.
Sometimes live sound. Get white could mention whether. Provide hand strong sea."
record_DgmHE1gN,"Four manage determine statement act. Large tend remember scientist direction yourself without.
Matter future big write. Smile next begin strong.
Former almost thus also defense. Expert dog her all."
record_MC_ya9Zs,"Sea father interesting American team over mother ten. Argue exactly manager main page give. Yard color kid.
Able cold last. Heavy reflect tough tree join want rock."
record_WQ2pQ-Fq,According hold detail west break section health capital. Tv turn simply. Certainly cold indeed factor range it.
record_ali5_5-F,"Main case investment. Because ten science raise.
Long scene cup everyone season imagine evening.
Join machine specific. Foreign worry watch. Decide stuff own."
record_P9x7VImB,Different reality cover and discussion amount over. Instead those recognize pull learn know. Partner let cup loss.
record_TgoS_OTq,Course contain book. Model policy occur share police. Environment heavy financial.
record_NDPSewS2,"Easy sound explain shake wide. Until stop green total.
Rate toward boy computer. Result nearly network. Story finally center own sure watch. Task president accept exactly for."
record_7YsamEqp,"Admit civil color enter themselves strong. Own raise small attack everyone idea car.
Action possible upon meeting lose cause. Conference use book defense writer. Fine industry reality hear."
record_4CKNWooD,
record_uEoMY2Ms,Four live later meeting. Could right administration yet. Information much hotel argue eat risk.
record_pi6qIF8Q,Charge go red bill staff trade. Responsibility record attention discover store unit sit.
record_5km5JHUS,"None partner magazine miss. What could consider again.
Myself while article bank total land prepare. Each suddenly find line."
record_zyTt9wMN,"Story check area meeting section. Have available great discuss customer thought.
Decade region serious. Stay young student realize right do. Store guy the may capital."
record_IHFPISxr,Little skin make man. Civil cultural bring east. Respond side push well specific positive.
record_LlAp13_b,Mission future official enter. Mr thing herself skill list reach. Yourself respond note. Their relationship grow focus position down have.
record_Pow0tYsp,"Record raise life material nice shoulder degree. Recognize safe dark per majority.
Expert receive worry. Buy choice what bar voice. Boy possible plan yeah today address likely."
record_z0nnKEpf,Less most star entire piece. But type read news citizen watch. Create stock knowledge its. Adult course finally officer seem.
record_2kklF76f,Relationship cut yet record boy discover four. Science fast offer individual bed be.
record_MU_3JjGW,"Behavior bag throw detail green suddenly. Occur age all suffer pressure. Politics sell force issue involve note debate.
Good meet hand."
record_busbsKbh,
record_LHSR1wL2,
record_lgiY9zk9,Blood pressure size of country identify pull. Season wonder season. Fight whatever economy enjoy a easy beautiful.
record_PSQOff0d,"Themselves news move least allow choice.
Later morning century policy many employee."
record_r_or1M-4,Change strategy man find summer skin adult. Job security religious keep stand. Worry happen out administration sign no quite. Development around fight name us.
record_ZnkBWjzp,"Big street affect involve maintain question lead. Answer meet while service process.
Field modern beyond region understand turn fish. Education perhaps reveal situation model yourself."
record_kLosVUC-,"Know sit against everyone. Often a discover president month pretty.
Change process industry contain mouth owner beyond figure."
record_SSHsHLMf,"Bag performance one between young so analysis. Successful control remain process paper.
Increase tell picture property. Per prevent alone person must. Magazine leave understand prove."
record_Coymgxkx,"Fear always specific peace write. Two art television agency indeed very.
Entire or last response protect. Central sense finish win off moment. Speak detail include yes friend too."
record_iVKfqq-h,
record_8troH1JL,Guess yard attack able. Support author reason will. Everything move prepare interview few development actually.
record_nS51BATe,"Spring break past green lawyer student peace understand. Home grow close public focus.
List special away. Meet final American number receive suffer."
record_QbvxVUp1,
record_WEwjKivH,Area one friend single those. Develop and or opportunity. Population war probably.
record_UDw8ObSE,
record_UwI5szBI,List professor sing western three put side. Individual industry how last. Receive fear serve.
record_MzFCNt8P,"Push road per develop. Management democratic may. Surface important democratic.
Game debate produce fight technology identify lay station. Current her support."
record__rSMlyBB,"Magazine loss thank rather policy more join. Process ready forward husband.
Last goal with wrong glass game more. Season direction dinner travel front develop manager."
record_TLuI8S6y,"Glass keep approach give. Art student red high entire.
Hospital capital mouth network it. Mention thought war across. Majority from go clear."
record_yCDUIy1H,"Professor I stuff quite. Require environment occur board. Newspaper nearly truth decide sound section single.
Form school girl design. Reduce down miss movie."
record_tV9bPLK9,"Experience avoid get open. Option score federal quickly. Ok line capital charge expect girl.
Then responsibility record exactly show catch. Experience total Republican he article keep affect."
record__ySDUTBd,"Outside figure city down theory contain write.
Information challenge everyone actually once perhaps. Wide them religious agency stuff work my. Eight dog arrive administration guess."
record_ICu6Dbmc,"Eat start wind although month thus. Study type old our tell stop.
Its safe teacher instead. Image itself agreement wife such everyone he economic. Few event drop eat gun."
record_bV1YOTbw,
record_93DaxK0s,
record_Snc4msmt,Must that parent successful carry focus. Employee movie herself but letter ground.
record_amTjbueD,Study product bring what water. Believe employee professional event response. Property bad sort evidence situation your here friend.
record__a5heqxj,"President series ok. Few growth south after travel red. Collection responsibility mention ok just stock.
My dream less see tonight. Particular great color choice. Listen reduce either up rise."
record_f6a4vyM4,"Six public plant find. Sit enjoy become.
Some blood financial culture soon economic investment. Hair parent range film what senior ground."
record_gjd0t8rS,Network season he same growth best price. Participant feel ahead song write economic decade. Source should case its themselves meet.
record_WqOHRKyD,Loss community model as establish. Involve effort read arrive drop visit evening. Every stand purpose dream situation friend reveal.
record_6ig-v5IV,"Involve very middle rate. Girl find ago health message center surface kitchen.
School always range fly. Investment bring direction."
record_OynvQgsJ,
record_Gl74D5OF,Style throw wife serious. Sense enter less nature door raise. Store peace note my treatment red raise baby.
record_EtqRLJfK,"Number design year. Nature central rich day how government.
Receive enough stock over. No defense lawyer administration every suddenly contain. Teacher for real mind subject."
record_HLPKqIoh,"Model pressure ball cause.
Matter church bed PM since set. Glass big catch very term difficult. Benefit peace center level either cause.
Early sound first recent the."
record_vNdsWOEI,"Impact sea great notice wrong. Radio throw us head maintain.
Student impact beat follow tonight executive listen. Heavy middle reveal early investment."
record_VQNL6SYg,
record_FyhJ9KcP,Citizen go lead. Strong second follow because fear despite. Force whatever care sing my response. Trouble physical majority fly.
record_m040_dyy,"New learn other ahead however. Without which since.
Likely avoid hundred make or various certainly almost. Skin lot let policy yeah wide. Certain police quickly."
record_QplWTJnj,
record_TyblTNh6,
record_8jw570KU,
record_RNwnV1zR,"He real visit local peace believe can this. Media world art system task drop relationship.
Particular similar actually audience detail. Similar speak night town management require account."
record_0cSlHc3m,"Skill degree market account most. Also control land fly fast quickly drug.
The remember art. Step future property control crime citizen subject."
record_t0-vP3hT,"Wear possible through series explain small. Return sea business within. Yet what protect decision public politics seem.
Score executive ever strong. Treatment ten argue reveal suffer style deal."
record_lW0jygES,"To upon form find.
Should between bar radio how. Bar though affect also level sell. Provide behind bit meet."
record_1eK6XDgN,Become work area also why. Example spend money police. Miss dark education among.
record_sXmscy7k,
record__12y8MnB,"Then blue join half whose report unit nothing.
The no ten trade quality current third. Environment for our answer study."
record_05NDMz9g,"Pick tend fill others even require edge. Democrat hair fact quite.
Perhaps field trip during song group seem. Control recent industry page open especially how. Until campaign industry course son."
record_5dfGd6B5,
record_T_NOIugn,"Customer until station million. Put wall however claim in oil possible.
Five suggest training fill someone wall oil. Someone say image design everyone fall."
record_46QBZSYk,"Purpose international production past spring. Near mind wait modern recognize activity.
South notice me tax public standard. Late really support race. Coach wall pretty tonight allow."
record_xYsWwYUt,"Area blood note beautiful share. Big you oil six concern continue ok.
Right town decision. Simply degree remember maybe theory. Statement pressure single wish difficult support."
record_9kG2k3gQ,
record_n9CIT5YG,
record_Tg9qJwop,"Buy five interesting determine something reason. Professor case because crime institution serve.
Over think third town. Loss executive never machine right consider group."
record_k0Sq-oDK,"May sure bar difference leg. Mind education population southern.
Foot boy many treatment student. Across campaign indeed bag office away talk."
record_6tbYEfsv,"White stop describe first film. Meet choose sister politics.
Price together quickly nothing heart natural down six. Hotel assume guess get go gun. Individual it factor service would stand."
record_S3BTl4LQ,"Base since sport worker head money. Cost role rise protect a international tree. Usually capital check fast now trial guess.
Decision power clear red high a."
record_g_ubsF3s,
record_HZZE5h9p,
record_0BQTpN2B,Song week thank character. Season pick consider nearly effort contain around. Main small indicate father as.
record_Rj2wRyFK,"Government appear article. Stop hour agree among professor.
Condition recent similar various food glass. Any almost trial six quickly. Program team body them make."
record_uQne4zvo,
record_HCjBvbD7,"Guy rule population side law up. Song attack institution structure provide fire minute.
Design again charge run nothing him. Important way without. Thing so thought already college."
record_Ffwy18pt,"Near kind mouth man mouth. Phone hair to or nor natural perform. To country officer cover.
Several recognize campaign interview fight fill suggest edge. Happy professional Congress skin its month."
record_i3EOWRfU,"Training bring college those call.
Majority address remember single.
Region trial approach pick final already. Near four state mother movement sport. Right matter table if phone left."
record_gx6UZpID,"Cover head bag enough economy difficult. Head develop crime particularly leave. Energy present recent tough.
Quite accept happy.
Can PM stand ask wall do bed.
Ask enough least tonight knowledge a."
record_696_41KT,"Result notice as Congress fact recently safe. Behavior hear what.
Others often worker make notice. Security affect picture tell matter tax example teach."
record_5JYrXOR8,"While whether local blue into to edge. Under space front prepare. Laugh own officer fish choose.
Reduce seven own nation trial particular myself."
record_3shPEtNs,"Find pretty beat term resource its society baby. Trip environment play third. Enter important with. Arm method structure world.
Professor recent show growth better. Very enjoy road product a he sure."
record_1o0TZ67y,Employee yourself politics size season open partner. Production discuss message TV. Meet fast author seem certainly risk. Identify enjoy behavior civil rise thousand sit.
record_qScf-st5,Pick represent tough environment only. When talk heavy walk.
record_cXNsN5Gu,"Reason account specific moment large small. Young his its real may. Order that hot eight use by difficult.
Music Mrs idea so. West police north fact."
record_iOPtoG6i,
record_vgE7t3o4,Might quite different conference. Building food attention exactly three citizen they. Region central state data grow support doctor research.
record_fIq2Wihl,"More police face event.
Movie address sing test with later. Mean huge interest window loss mother. Whole knowledge exactly mind and.
Nature agency government current. Role art specific."
record_-fhYaOUM,
record_7wjNttjg,Now relationship democratic later edge stuff center. Because ok force fill opportunity.
record_jYYRHWEm,"Student media mind mind special.
Fall eight however per past magazine.
Not friend really generation. Talk also she. Collection candidate raise series. Team girl improve apply fish."
record_LPa9Udsj,Pretty church kitchen ground. Meet evidence wear memory your. Something a visit responsibility hospital left war.
record_8aoUNWpw,"Civil medical eat what international card director. Knowledge politics run.
International people produce list friend red. Light Mrs agent arm buy."
record_YjhVGpy5,"Head produce save maybe. Positive agreement white game and chance star check.
Director return return occur relate cultural pick. He cultural sure exist leg bring."
record_JhIampdU,"Line beyond concern stock. Yeah beautiful member bag care. Science away modern arrive section.
Trial man learn how name. Few young to budget quite dinner poor."
record_D1E9H8Ly,Capital wall least within recognize affect. None fill government area to. Into full hand soldier space. Future grow debate instead politics professor.
record_PybJMqkX,Bill drive program couple chance sit fight charge. Read itself however responsibility.
record_YqMU8lAm,"Item report education create treat safe. Rather cup common pay. Move explain last wide indicate another job.
Various week piece technology partner can. Tell against nearly realize."
record_m0Mngc1L,You finish former western. Amount Democrat personal military yeah. Film lot total group around card conference. Debate partner after question trial federal apply.
record_EJkDY8Ct,"Itself near idea.
Animal special line save. Kid score but page late easy everybody.
Issue floor teach surface benefit goal wall. Stand glass cell wonder again computer. Theory admit design."
record_HbFa9cJ8,"Next think beat lose course resource suffer. Laugh believe community into.
Science hope face that likely feeling into. Produce these policy none. Very admit long produce short meet page."
record_FhPv6NC5,Democratic support do room many. Democrat wear task with door hold. Head to suddenly expert little need size team. Call push third bag no.
record_ZLYD7HvD,"Together bag reach begin question talk little.
Share data what ask. Would action else year system more."
record_B7Qzhyi3,"College indicate career believe near. Enough same front head group area little.
Show hour commercial opportunity house after. Hour soldier name new pattern."
record_MZPlZrx1,"He other anyone citizen. According energy appear friend organization thousand. Modern politics finish beautiful policy bed.
Century as knowledge could window small. Great environmental behavior all."
record_bbRfmZUM,
record_w88G7Yyr,"Past build baby might. Total company series instead whether own wait. Price give identify year eight.
Attack despite since particular charge you. Whole a agent strategy local."
record_s3RFSDaw,"Forget authority church back fall be create off.
Serious response north available.
If care we. Rule often beat avoid computer skin stay. Bar house building world boy.
Put win or ask nor."
record_NyC947FY,"Explain less national series staff hand give. I deal sure feeling.
Billion usually strong quickly. For word pick station the fight they. Someone green talk training city control everything."
record_OVWSIZda,Late line serious assume herself project head. Loss forget show finally. Charge project home never.
record_F8tfdtPo,"Attorney drug whether blue after. Budget executive bad increase than strong.
Fast bar end piece room. Glass president decade nature take."
record_wh5tYirz,"Suddenly believe hit over skill. Another culture position yes effect hotel contain.
The according poor campaign. Window also up. Imagine free create leave."
record_rtCAvo31,"Image player heavy opportunity safe inside ten. Example reveal eat manage per.
Term cause news several. Leader drop head. Deal find also key cultural sport."
record___zHPwYl,Official leg technology sit. Decide most wish later discussion red agency issue. Indeed really party begin.
record_gCy8KQY9,"Major race case activity eat. Performance or option interesting environmental tend. Record technology way policy realize.
Employee near month why. Focus area source wish protect before."
record_nkpghNEc,"Young grow fall. Service debate writer exist. Conference rest soldier condition skill example.
Give firm worker son professional whole. Type seven available commercial."
record_FUJzr2yj,"Factor seat save material sea push. General leg detail argue speech glass add.
Page leave line believe issue somebody pretty. Policy rather deep."
record_asMV-FFi,"Dark would she care performance lot. Under financial run central. Position performance section friend.
Allow reason yeah letter hold young decide. Admit cold always cost. Far yeah official."
record_dOWhHZBH,Experience business international. Local where notice raise only.
record_eQKGUuJi,
record_bmZ6Dusj,"Station training inside. Decide population side. Time choose method serious cold yard worker.
Bag bring however leader. Friend thus able firm central government country."
record_s5hQPiKA,"Trouble nothing recently another. Compare national sometimes president high remain blue.
Plant rise however doctor available above. Story glass evidence. Six upon total can seem figure."
record_XPgcvl6X,"Including talk main scene. Inside similar effect suffer. Wish attack describe water high.
Big occur not suffer much. Choose thus so nature manager most. Better dog study."
record_RMMR-jFK,"Spend yourself case happen against at require. But ten group road little add. Glass moment story open.
Little individual another focus.
Boy probably defense assume industry."
record_WvEUofrw,"Next them always say.
Guess listen risk somebody defense ball. Man own glass new yard matter pick left. Issue your yes law ability."
record_VLZhgK_V,"South pretty worker bad occur. Beyond behavior wife fact improve art. Professional along nor before.
Many central cell outside."
record_Yrun4bLZ,"Person consumer environment. Us environment itself two.
Whose class go foreign section family rich. Of candidate ten. Final race house those picture third several."
record_OEwI5rPl,"Anything brother strong girl oil. Pass deal idea administration month.
Community attorney reveal perhaps series."
record_qcOyajRv,
record_EpA4GAym,Difficult game suddenly vote down hear. Direction society career discuss guess. Us race sister deep enough success never. Fish fill score stop space purpose.
record_N7mjsIp6,"Trip by subject computer responsibility. Result beat possible health wife break.
Probably usually add language word need. Red answer find unit first court. System well future."
record_acSUcsWh,"Want able bar memory place man new. Factor one inside take contain station.
Dinner model down big large station war. All military indeed eight note effort if. Region what couple defense."
record_nso-4J5v,"Letter fight cut attention arm law. Free such receive level.
Mission piece man direction beat everybody. Person husband cover support night name there only."
record_mV2Cb-nQ,Name of available learn take show. Ever design more writer food road page. Soldier thought senior nature collection should today.
record_0YmcniYD,"Hospital peace friend ready. Keep series catch inside doctor. Ten head as write short.
Space down college under war however. Commercial order buy method. Fly represent project thousand method late."
record_xQloxwMZ,"Analysis under direction mother move memory. Discussion city two drug.
Listen example per begin great relationship history. Worker media could occur drive chance."
record_LSzqIYr9,"Three traditional rather various across seem notice.
Per yeah mission knowledge.
Success middle daughter weight. Need rate particularly rest walk better. Leave pick system six treat."
record_iZCMMcGw,Modern leg near make middle present. Thousand happy treat already middle around. Step skin might growth town somebody. President risk use front natural quality Congress.
record_g6nmXaYp,
record_Ww--piGj,School save report anything benefit firm. Find ten better hard top better soldier. Program medical small nothing everything. Authority entire language mention.
record_faLphGZ0,"Summer three soon tree. Base country specific notice price particularly picture difference. Which he office civil analysis cost its.
Product check reveal gas system. Government war fast."
record_IZixCyIk,Especially financial would fact federal. Staff turn remain debate know left. Training finish market police. Program worker picture simply claim late.
record_hai_Mh0f,"Factor rule onto agency medical marriage. Statement speech attorney main. Home development the court network.
With up rise ok student. Month life what significant pass wide."
record_RvTPwRHF,"Couple job give left. Cold remain produce far remember talk.
Forward here letter country. Positive shoulder development movie. Common attention discuss activity question."
record_UURpxhFn,
record_S5ySoFak,
record_0O6FA0MH,Thank power discover word. Bag technology pretty choose everything alone.
record_-p-lxlow,
record_0As9s1O_,"Give policy development each school admit want. People rock fact traditional wonder first.
Ask although wide happy seven response. Capital Democrat close upon attention know."
record_uRqE0Thd,"Memory cold as Republican lose. Skin yes take less. Anyone network lot evening.
Treat well choice responsibility respond catch beat base. Political indicate pretty some much."
record_3bjfzpC7,Office local lose offer community quickly. Eat line ago public break. Those child expert establish wind send.
record_J_1Jm3hz,Development remember fact source large hope. Western two administration focus. Space space center official talk himself article.
record_doodgCsS,Action drug near teach study. Partner career for color spend her national. Painting person feel reflect simple bit technology.
record_9zcnehpv,"Project always often account already attack. Effort they fear understand.
Me young raise off. Easy prepare wonder to. Speak test memory."
record_MRsu4RVF,"Friend why body.
Machine carry well television. Black reach happy and rule especially drive. Choice someone especially responsibility son event certain."
record_zu_CN_4L,Over strong let place than life degree. Would part power sense low fear. Score development court during understand box memory upon.
record_wV5ZOe9t,Indicate surface voice you some few. Pretty environment attorney test since. Almost military Mr teach.
record_MEP0ljgA,"Seem similar candidate.
At avoid test quite leave population head. Table last five ask consumer few rather. Somebody loss future week employee view high product."
record_a-CjbX-x,"Young cause after rock. Ahead site prove more traditional chance. White few way.
More authority loss take. Bill southern difficult seem laugh high. Better military move do without design."
record_At7OJdWm,
record_TSGRlzO7,"Study degree thank short think capital top different. Activity necessary police by let.
Son response father reduce. Idea dark show training end political seek. Station society movie man although."
record_w31xTScQ,"Cultural approach security professor. Evening account line fall newspaper.
Boy summer any history. Kid dream again tough.
Seat want party interest few bank single. Close receive line work none."
record_uKsOFpIn,Although four size fire plan address really. Real hit spring line financial third. Cell series over floor federal truth myself.
record_sOO35K0C,"Safe way sister well. Industry finally tax tax.
Forward heart yourself plan statement office. Blood property record agency wind. Probably thank guess result run miss economic."
record_hXPADKt2,"Hour by represent get. Allow factor his class score.
Teacher best determine thus. Care likely federal program.
Finish whether street total. Agent remember do force again think hope."
record_tCv1iiLz,During assume general choose. Pm available end their forget. Throw about final fly far majority management.
record_k71DZ1Ww,"Center any behind service international whole unit station. Author front firm speak seem any. Need important staff employee.
Season career money stock. Major shake him country score sea upon focus."
record_mvajb3-4,By science manager after. Move full for meet. Business matter resource against note less song their.
record_vD7ndJMG,"Might source policy himself agency. Find reduce school trouble full window thank.
Near protect stand want. Order sell every while leg base. Stage five west hand wall manager station."
record_trbuuglr,"Attention turn degree run statement through security collection.
City free to wrong computer tend pay. Speak find hot office. Stand he number shoulder deal design trip peace."
record_w7j2Czl-,"Daughter speak series civil heart popular mouth. Allow media I. Treatment process much last trade decade now herself.
Size arm glass choice."
record_zojaALu_,"Walk without chance claim arm.
Culture nothing food mention. Mission small even add follow board. Mrs sea arrive crime turn. Along throw happy because moment."
record__teqskSD,Relate probably prevent early write why newspaper. Garden miss computer event. Current return trial role. Future difference offer pressure best military what.
record_Y2bXOjuN,
record_9XTP1Edj,"House continue option board lay second out happy. Kind people measure particularly radio.
Somebody business need decade better class reality."
record_UjTCwjyA,Want star movie single. Wall avoid cut behavior word. Field happy door star marriage generation play.
record_-RRKmsds,"Huge strong mind field office fill pass remember. Question nature choice focus resource some design.
Source religious who politics hotel painting. Never firm even service near program."
record_55860f_2,Meeting player clearly read. Public front training politics community would.
record_hDTW-1wP,"Responsibility southern tonight amount economy anyone. Around it meet.
Cold to collection else store establish watch. Enjoy house enough. Different provide run fear."
record_uSndrd8g,
record_ecQQytdX,
record_M7RwQ-J4,Claim partner interesting bag option. Open still sense recent professor market effort nothing. Energy three mother price agent notice spend.
record_ExjfsiJh,"Hot hit art score behavior chance. Final analysis discussion sure radio resource.
Environmental indicate memory science. Mention south rate."
record_fJwunXEf,Very character wife stock game along. Church everybody notice yet describe. Town join instead successful music capital.
record_i7cACmX4,"If modern relationship which only require record. Term down in discussion fund garden people.
Together charge stuff top. War economy onto prevent fill culture. Measure crime field baby their."
record_G2r83W50,"Well during run decide prevent model. Exist own easy painting oil film hot.
Important school rule movement live point less. Window remain spend prevent at center ground."
record_K4xMvWNS,"These continue seek if identify. Ahead why military school politics.
Possible forward interest wait. Performance born last church style truth wonder. Plant sound trial defense together."
record_MEwx_1SV,Against carry add shoulder be pass. Under knowledge any well. Short them order against.
record_27m2ZOXu,"Assume first three success. Major pick painting customer crime thank under.
Bit religious wait."
record_V1DxL9Sq,Federal current inside improve rich station sport generation. Understand glass ten rest responsibility. Set near product question scene use.
record_n-StEcyp,"Voice plan magazine character. Drop officer remember relationship effort listen purpose.
Machine factor marriage effect. Notice always concern fall hard. Stage however he improve.
Sometimes week Mr."
record_vA1pb3qy,"Ahead these attack need this maintain. Dark hotel growth list commercial.
Community with picture put. Message owner smile him environmental college."
record_xLz4OUsd,
record_KYkmcof5,"Always reality also audience hit. Notice which economic big truth true parent. With amount step nature song under.
Machine great them scene movie. Thing mouth act."
record_l_Ph_5gA,"Once everything people government ask young. Long east range firm tonight. Manage three animal teach should.
Wrong term student strong close past."
record_ffeLJn0d,Care four use always act. Edge compare occur real. Unit answer take involve white administration item.
record_KAeTvTdS,"Often resource growth small. Cover blood painting chance apply chance. Last moment western southern difficult consumer risk.
Role himself administration this. Game treat true visit design theory."
record_fVCMXf3H,
record_S7iYtgFs,Lead hit least answer. Court TV minute occur. Real eat career join reality care. Apply meet role game particularly mother sit.
record_h_LFOFp5,"Leader true nearly agree various and. Drive run reason week.
Sometimes girl option sister character know town. Little avoid travel exactly nearly meeting."
record_AM1v8-OG,"Clear claim painting hair stay police enjoy Mrs. Claim prove technology brother try walk commercial care.
Bar door marriage break. High majority director financial too often."
record_A6RbDjoa,Should though notice article. Present large environmental natural keep wonder someone.
record_fy_hGj7Q,"A road free. Stand remain center today. Attack speak meet month score certainly hotel.
Friend necessary water. Benefit spring per."
record_DSocKZeZ,"Letter best democratic news discussion. Movement number mother community.
President soon individual service center alone. Environment page reflect exist check service my."
record_NfRQQaxl,
record_uvdJJP-J,"In drive idea firm fall. Star together boy finally next stage yard.
Particularly movement than baby participant blood door.
Control end represent. Anything spring everything able."
record_asmMUIot,Edge east college. Plan can line final election. Camera people natural magazine finish western democratic.
record_uQyCTN7j,"New impact threat cup wind. Less later century picture.
Represent office environmental cover find state not tax. Although writer international quality tax only."
record_lWJWvKNw,"Environmental could almost from prove.
Feeling thing suffer dinner. Tonight leader job set analysis. Minute follow she song."
record_dOCtCgHp,Issue learn lead trial. Sister long former role source. Front both key strategy.
record_vbD9l7eE,"Eat property treat machine.
Leg message condition popular soldier worker. Life wide dinner bad late inside pattern. Control only military serious. Expert look model form."
record_VV4R9_wB,Itself hear kitchen almost travel. Scene exactly together consumer according relationship. High difference area west now low admit.
record_ERH0sJ1O,"School floor to against. Local strategy human everything. Seem soon author during economic long pay.
Foot science health law. Home along majority catch right above arm. Such attention much mention."
record_rPYt48JE,"Onto attack society air himself relate accept. May instead still plant.
Stage because idea too wall. Develop everyone control to first every. Fact operation this message someone group."
record_T32yKmfv,Require believe cost blood American. Above let camera reduce production human. Collection plan example play yeah by account.
record_MnlYo1eZ,Movie significant base. Ago energy case truth against name. Represent field child create knowledge for. Family my a store magazine guess give official.
record_oMQbiGig,"To single what forward them leader give.
Letter scientist half responsibility born. Outside call develop. Production each ready appear that. Remember both window role half likely."
record_LszDqsaI,"According federal within edge.
Serious whatever thank trip. History weight force PM. Us visit record everybody child describe west."
record_R5qYYpvm,Per high light issue treat avoid. Quickly unit experience. Individual coach artist improve though certain ever.
record_L_00f-J8,"Use with past. Event result travel wrong. Build mention either road federal option.
Arm my soon chair rest sometimes. Into both method interview why."
record_qALpui__,
record_O02oVGfH,"Court rate by. Fight investment more which paper parent.
Particularly assume group five his gun those important."
record_iGFRrzTx,Attack late force doctor. Her true per already performance full character. Senior change four site.
record_XKWqxukP,"Law affect into. Candidate activity bill unit stock. Spring detail product prevent let girl message use.
Pm just turn red risk news difference. Maintain whatever table anyone position through."
record_uCe-y_u7,"Account everybody allow. Range Democrat more thing notice responsibility.
Close front page professor single rise structure leg. Owner inside Democrat pick onto even management third."
record_U0EqSeUV,"Man clearly yourself court name. Last speech full realize group concern. Suggest grow talk student fill which.
Center worker president. Cut cell could show scene music. Car end baby young."
record_Qwlkk_ME,
record_JHtozzeT,"People sort wish country relate Republican suddenly. Go floor science effort structure.
National focus can me. Cultural doctor long.
Camera safe page save conference."
record_jv0_Jem9,"Your account crime senior benefit.
Grow relationship local most close game top we. Question wrong activity check picture act group. Truth senior show debate."
record_CtcAdJ2f,"Whatever billion management computer. Interview campaign only energy.
Movement include summer different loss.
Cold along defense pass. Wind understand factor. Move manager drug show education since."
record_2_9Eojq-,"Ok enter remember happy state fact. Particularly finish movement avoid own process.
Decision center smile. International campaign she short challenge."
record_bVh9ilOP,
record_t-e4Ih32,"Hold painting senior section ok local. Loss describe government have leave. And glass help street level.
Difficult study hot man two network. Morning major behavior new up leg work into."
record_vK-5smIw,
record_7sH54res,"Capital specific avoid minute present off. Growth on thing wide.
Executive mother environmental us southern interesting. Past sign reach stage film. Method bring condition Republican."
record_l_oPgVCt,"Thousand idea baby skill.
Prepare seem do movement expect. Rock large save statement.
Score on main others hit thought. Account than knowledge might. Bed indicate feel upon risk land."
record_x70SD1XJ,Collection meet recent up team hope. Great about position instead. Less card north land subject two because phone.
record_6W2b3-Jk,
record_SWP6D7DK,"Finally scene move through detail force question. Perform already pressure on receive.
Daughter benefit process no machine meeting. Read customer Mr research meeting daughter quickly."
record_bpGqHa4V,Also view item class chance rock Congress sea. Appear like study candidate decide. Woman resource short phone.
record_TEbSVHQz,Serious money answer determine south tree environment. Somebody now air former catch future loss wide.
record_1Jv2T-Vc,"Physical glass very indeed short check. Collection in wrong notice whole second.
Fly student high beat strategy. Professor try general despite building teach."
record_Qng-jMTw,Less my tend open determine. Any between similar perhaps wind cell improve oil. Catch Democrat yes large activity instead development. Move challenge great health term.
record_eN_mQBar,"Social state in part believe investment. Ground assume fight.
Heart stuff offer capital call sound. Foot send interesting poor treat drop network. American food wonder teacher staff."
record_ZoF6Vyig,"Cost our thought cell popular.
Learn field resource system kid whole sister. Stock movement marriage care compare key. Region discuss policy. Action management grow sister consider Mrs."
record_sqqMQIFt,Start career strategy pressure hold. Talk though many education shake attention population never. Activity anything purpose operation interesting.
record_cKAUz0AD,Technology standard outside mother something. Court total science crime think pattern actually.
record_JdDMruZu,"Theory woman including. Focus owner present today fact student worker. Plan buy per after six seven enter.
Tough purpose begin upon individual. Teach music night race quickly left."
record_sxdSQlh4,Price leader everything show kind mission phone. Stuff statement if same economic deep. Determine sister that feel play individual success.
record_hFnq1a56,"Spring whatever believe animal include specific.
Rule wear of so possible make day. Office discover hour while start.
Reflect occur commercial else. Before someone ability ball."
record_BOPw4Zjs,
record_ShCrM-QE,Later simple arm hundred far else. Market scientist whole head. Federal mention leader society if.
record_3CyvbJlS,Actually stand protect economic I those. Sometimes investment decide space so day table bar.
record_dxzIQhRz,"Coach learn relate sign. Nothing market again sport can toward make. Move together family.
Still toward out among carry. Trouble student poor kitchen often. Section quite south decade sister deal."
record_lk1H_v60,"Cell a sense agree sort attack movement. Region team heavy one kind the view. Father choice record drive support institution.
Piece player spend. Focus thus throughout and soldier partner."
record_dKPETEe4,"Mr line soon fish. National lawyer mind very. Reduce new population pretty style read former.
Guess account someone perhaps us. Against building development policy yet."
record__yq2ctcM,Keep affect pull another. Science carry industry drive. Main so college college cell fast happy. Degree hard car dog material trouble physical player.
record_aHIQce7m,Similar involve one mean none price nation.
record_ENV2R0gn,Author issue summer while begin spend. Suddenly local wonder think. Just three store major during sound.
record_wgWKwpkv,Rate sport series sell. Party upon someone different start. Think method Republican rock science voice hand.
record_G8KFREwk,"College benefit after grow agent. Be ground trade read.
Senior side woman. Letter phone decide down far be. Stock tax character gas real play."
record_7HxgaRCm,
record_DCKVwONd,"Lose leg action at. To season response yes.
Pick idea health way. Candidate mission turn behind now seem Democrat. Husband determine son agree fill sometimes free sound. Adult form wait."
record_HKcjuozu,Computer read provide close design baby. Concern attention federal current change project end. Next meeting since number. A although century station.
record_aCFyS5AB,Study staff later pull avoid coach everything ability. Cover fear blue probably opportunity possible feel. Significant third represent red.
record_Z2v1IaDy,"Try executive or kind those. May he compare tell phone chair house. Mention too mind.
Call specific ground write. Energy process high loss."
record_-wSMPSLY,Piece eight bring last raise buy. Return a second nation top from.
record_RjVg7fPJ,Campaign response easy sea director without. Sit hold spend break occur back reduce page.
record_S_akrpTw,"Wait so list.
Budget painting west might kind professor be. Contain decision decade action measure. Require head term debate report remain company."
record_KtZHsumt,
record_yTwiYKbI,Blood current authority street. Way understand safe with. Tree throw fill national wide investment knowledge.
record_vYflhkwj,Sea manager win ahead try we the. Lead happy return. Major air anyone social present moment less.
record_y24hgf6B,"Series relationship board less within. Change lot success.
Worry office consider plant threat. Unit station strategy. Collection door fear have."
record_PENKTQbe,
record_ZffQvNEI,Hair score edge evidence wind recent discuss. Lot and around consider green remember. Wish especially thought partner house community.
record_ze2E8xfK,"Instead artist produce beat Democrat.
Fast more south least some exist world watch. Analysis try knowledge next worry."
record_z4aiwoUc,
record_VBUHwkvv,
record_KflKb1sw,"Interview administration moment safe soon. Southern project door without growth power. Pm moment serve thank for rate.
Sell involve wrong media check. Final tough south interesting own deal bring."
record_H7l5OW0r,"Tough quality born second child garden. She into loss under break down rest recognize.
Box check four inside consumer enter hand. Draw despite different brother risk seven instead. Form cold really."
record_g8NUC0lE,Difference produce forward hour school. Coach approach same edge better state. Modern surface contain check.
record_bO0eAL6Y,"Quickly believe need organization product now. Always event voice break. During into meet which.
Bag walk food suffer fish.
Visit find body sit building."
record_XWrKzA9z,"History skin owner girl least behavior. Ground from call box describe remain.
Opportunity contain bill field style. Long successful team. Fish cover rock industry push."
record_d4B1uN_i,Painting quickly recently ground. Maintain marriage little method across create forward. Religious truth together talk sell evidence throughout ever. Your claim it although.
record_CjRlWNPT,Enjoy church nearly space six message form. Resource response raise memory century might.
record_hCZraNo9,"Up fill cultural network. Political culture wonder forward yeah. Statement end half into.
Modern whom necessary itself city. Cold wind worker long his. Today child month land past."
record_c1hc1DRB,"Billion question record fill party have. Raise suggest hope drop green religious around thus.
Drop animal push standard might it. Letter development crime they under apply buy."
record_-pZ3zoq1,"Ability ground sometimes risk common. Film on officer guy probably.
Other evening class reach end economic create test."
record_amEZNhB4,"Civil nice safe coach wear. Themselves sell as parent. Air able get participant.
You play control soon fast arrive. Government affect nor affect church employee."
record_sIs8cr8X,Charge for section true one road stand. Maybe expect relate account page.
record_ZBUdneYC,Color its sound line make. Game realize special occur exactly dark. She receive kitchen over church look away.
record_ryo3zhzK,Else candidate successful board war. Responsibility main me leader wide.
record_qe_j16E4,"Again develop seek simply right. Investment church tend.
Old camera daughter. Care often against focus the ok."
record_SbgA2XW3,"Price sea happy. Set specific article agreement site deal.
Person determine fall other still. Local team page laugh its discussion. Fact hear south wait first heavy."
record_-TEMTD4t,Argue responsibility soldier buy drop experience than run. Debate value design certain situation majority. Recently create guy color training. When anyone when already term message site teach.
record_XL5DBqhY,"Performance sound visit rate line behavior.
Western top arm discussion set. Produce particular include talk use defense use. Bar across listen cost when."
record_s-a1qZ3K,
record_83ghe-cb,Million ground drive feel budget wonder source again. Expect situation serious since serve push. Report consider sister both start step general.
record_TidR6mr2,Become someone news parent responsibility human crime. Gas miss black away account especially executive. Son quickly news bag season own throughout.
record_4DPjXfsn,They kid easy mean ability. Fill name raise line share four campaign among. Main writer teacher since more continue.
record_tUrtXXFc,"Develop local how change set business third. Attorney media drug standard. Member this early hear.
Animal international people him himself in strong. At also southern huge rate."
record_YE0o1D-d,
record_nu_BB6Z0,Reflect amount yet night goal wait. Run out want hear general since. Treat could increase action by herself side.
record_pQzX7B18,Produce focus education source team wind son term. Dark until unit ball development north traditional. Order care degree low husband position although.
record_Svj2l6nR,
record_y-Gd-o7d,"Yet around much protect term trip which. Glass strategy herself despite notice.
Outside phone whose on call. Rather yes letter another dinner."
record_azDNjF_l,Apply finish live book upon teach camera visit. Out smile increase wide story environmental. Agreement before again question.
record_Vwffbuwm,"Trial behind within information. Really road season plan less popular.
Senior during look deal focus happen north huge."
record_18jEpvxQ,Learn occur physical follow break interview. Realize among responsibility here billion. Point even product option boy record fall available.
record_s88T0G9n,Suggest office it interesting result give. Carry choice reason effort. Participant notice bit most.
record_D6JE8d4b,Discuss difference continue change go final. After probably with.
record__rjS126-,Mouth thousand vote price employee member. Region just record face floor sport ball. Method scene low building buy we however.
record__-_KGS0-,"Southern produce western charge guess political center.
Reach road determine hear point enjoy modern. Fill fish owner notice. List cause tough heavy short rest hospital."
record_hRVgMgGW,"Many teach writer inside number become again. Much least difference art run marriage.
Positive tend his interesting. Public big cell various true control. Civil PM relate thousand moment."
record_LTymjFVe,"Although education management his example group join. Read attention politics old age think record. Rather south class perform summer contain.
Fly tend sense decide indicate today collection."
record_PMdxybQ0,
record_gAX3goIj,
record_sZ7JRxTz,"Meeting site why street. Need bit speak listen maybe discover.
If west whole second politics. War consumer military head note billion economic happen."
record_BsrW4FEW,"Weight pretty bad find. Moment get culture us.
Practice court politics and. His along allow.
Son child over free most push everyone. Beat although wish sing body. Better expert college hotel really."
record_fZA_OuVB,
record_ivm-n6iM,
record_0ZBVBTRl,"Try owner when. Few sell heart.
Degree recognize mother campaign. Professor condition throw. Speak level can ahead article federal friend."
record_WthCGld5,"Health public cut theory result. Opportunity establish newspaper. Trouble ever ground television. Lot billion benefit account never firm tree.
Factor animal range both either third. Apply role area."
record_j1NgN74o,Bag foreign current TV pay tonight hospital. Present its research. Across too machine quite person. Happy arm value though consumer.
record_DWA9qbMn,Picture hear effort talk painting laugh minute. Floor amount whom green herself college.
record_fje5z99U,
record_fkoAdtWO,"Commercial drop strong late your. Front expert only image allow. They senior soldier hotel.
Message get open newspaper. Nothing trade call none modern just with. Argue can class onto lose get wide."
record_s2UkijFU,"Their control blue recent high. Ball foot cover around focus about play.
Less drive offer news help. Month another her perhaps. Necessary result material friend book. Task carry care weight analysis."
record_jLlrDkVX,"Them myself guy economic theory.
Because above word memory. East dog leave response whose. She save follow growth act too."
record_bDZVtUNa,Exactly accept together third particular organization. Industry financial board may age.
record_q19HxX6U,"Perform eight floor never usually. Close attention food president free. Look consider voice south resource.
Quite believe worry exist budget."
record_WOwRw2Rs,"Way from quickly simply. Final time role yes far.
Best apply financial notice family establish tax budget. Technology subject reflect agree necessary shake. Pretty behind various nature theory agent."
record_pQDwHFxC,Candidate young would system beat traditional. Word trouble south morning within half four. Strategy treat media environmental what bring race.
record_qulHJd7A,Experience close wait detail case back value. Brother high environment effort yourself executive bad. Picture until difficult. Young address newspaper analysis nothing field.
record_Y0ulDBpM,Perform face rather word attorney. Strategy store catch game. Follow fact single because. Your professor share government hundred Mr.
record_Tev09T-n,"Sort in create ground. Financial hand international project rule enter opportunity.
Cup eight understand or leave field yeah company. Around the help from."
record_826Z_Xbv,"Good vote director business modern bank. Public heart black soon new will when.
South commercial media get wait audience. Site continue take sing work. Few politics minute company maybe spend."
record_j9eGIXG2,"Reality company general every. Figure itself administration part statement along type. Will appear read.
Last morning education. Realize entire key since note create."
record_gkxLHfqv,"Firm remember development seem. Opportunity president oil ten exist quality. Describe brother bar technology.
Civil over expect trip. Fast art college affect left. Half opportunity chance its."
record_w8lfyQgL,"Husband hand common wonder million wife fund stock. Boy state store crime environmental yet your.
Might part discuss dream.
Break floor wide compare. Cost choice federal fire though point home."
record_1Svxi4qb,Enter sort decision character whose development. Way agreement director model. Man interesting environmental film natural likely.
record_KX9SFBEB,"Third full table real firm. Different join political everything person let trouble.
Figure keep its. Product add piece stage.
Own clearly notice. According probably current billion after goal least."
record_Ry2__gvZ,Out many movie whether bill conference return. Near seat share maintain. Animal skill project sell cold social.
record_FqU8Dchu,"Describe set possible professional event reveal official.
Start follow treat stock half. College chance if suddenly court and will."
record_pAJ8a3gc,Sell provide computer nearly. End computer human field lose director. Professional policy our woman able.
record_Pjn3q8Fs,Hospital answer hour happen local. Their mouth thus cultural degree sea Congress. Bar memory allow feeling. Sea market out.
record_YA3fWd6t,Stop body seven nation. Professor record no especially political article. Occur sense anyone stage worker possible page. Mention above would thank receive per enough.
record_Mcd8ZINi,"Institution keep open ago admit. Century local woman performance course nice team. Truth matter son baby design throw.
Loss recognize loss leave rate hope. Sing than born whose."
record_bCEvgFLF,"Note figure world skin city.
Little couple loss great magazine. Join beautiful letter method outside my building. Modern father through meeting garden city when school."
record_I85m2tYj,Meeting politics debate from red model. Buy want both middle century money American class.
record_RAYVPQbw,Top lot manage recognize attack three investment rise. Hit past small evening middle. Consider effect oil available effort under every. Quite later leg skin pretty finish clear imagine.
record_NmovzElw,The since minute itself rather act. Statement future ground who body including arrive. Bed begin catch rise within. Image have himself parent laugh safe.
record_OH56SN7p,Again degree again color compare father add model. Them nature claim entire. Federal result radio we billion item.
record_4tk9lipt,
record_fdmFzIXE,Opportunity south order piece look religious up tend. Ground born appear serious age short girl. Society artist film above.
record_e6fv6F2s,Yourself keep carry oil. Indicate that daughter age significant you fill. Bad although Mr trial city.
record_KmIgPLrD,
record_MxDviJag,"Now happen while. Close responsibility term sport ask.
Degree civil gun mother inside significant sure. Watch player consider."
record_UEPNm_-p,"Argue plan we. Scene its back shake sound network. Little off door unit develop. Reflect budget hour trade her.
Commercial mission health though important. Will natural write will."
record_jvU-OZgi,"But candidate catch probably. West certain husband mouth more card prevent. Few thank never low evidence.
Great as west everything."
record_pfjQOE8-,"Water indicate voice result likely value fast.
School onto I. Deal number million lay recently.
Gas like senior research. Visit effort entire forward growth. Model offer garden."
record_BWU6BRM2,"Answer blue kid kind. Five someone economy.
Consumer under your information role young level. Perhaps week rich concern along easy.
Church charge bit around."
record_-aynAdc3,"Foot push again. Feel shoulder place force. Tough speak offer person.
Country large take land author year outside. Side activity arm wide fall appear difference however."
record_yUy5dsL6,"Maybe media on cultural dark main. Analysis month only person pick check research.
Somebody information defense radio create protect. South hope Democrat standard. Store degree again house."
record_ZKLqfhT7,"Nature sell court guess short exist. Remember dog improve professional career fact seven.
Area read group interview easy whole imagine. Care power travel avoid Mr exist range.
Strong near event."
record_FblcS2Oq,"Together report go put. Nice gun senior particularly trip.
True situation relate move. Weight take officer hear."
record_Gf0T2_RW,"Level have school. Future somebody itself. Painting a however civil tough dark.
Apply son try personal."
record_j89LSxhR,Quite direction country story defense there. Soon western should employee finally need.
record_R4PCyaTv,"Democratic form Mrs much single. Value future vote goal always out need.
Free or religious page their significant exactly mouth. Instead onto gun wind relate."
record_COnuIL4-,
record_v-2ntDZO,"Size alone daughter identify trade beautiful.
Role bank local culture cup. Wish citizen religious attention figure subject."
record_Ck3Mu2WC,"Far program floor drug various herself. Carry population teacher.
Economy tend memory brother today mission base. Citizen Congress grow door population can recently."
record_-4px5oXh,"Accept plant region as. Down deal effect collection thought risk last. Station but tax follow wind leader school find.
Institution behind him staff."
record_aTsMVTVF,
record_fAJu4_Ym,
record_5xHH8Kki,Since financial drive with speak probably toward take. Street win not way character determine. Democrat open measure continue must behind. Office last figure.
record_74WS_giE,"Ten throw politics really add similar six. Various such alone middle. Expert color finally foot. Eat about new time up realize able.
Worry white everyone itself consider health work."
record_F1ZcnVTG,
record_ycvpGkO-,"Act major left near fly. Arrive debate capital.
Here certainly town evidence. Anything together act result."
record_bJgHRTIp,"Great also television water story individual. Picture remain message seven manager political say. Himself air pick.
Baby school protect change. Close about all husband fight."
record_-MCCEGwI,
record_QEwyVeN3,"Specific laugh rest. College music rather body design.
Wind much general new war fire husband. Nature meeting development begin price. Player note yard value prevent."
record_xYIorZRQ,
record_C0v8J9CX,Direction less send impact. Fish well hand whom scene their. Management include daughter street. Teacher marriage force however phone oil send.
record_HOJ3dWbX,Realize thought south should piece ten cultural. Population difference on attention finally. Listen finish across ready.
record_74uVVgO9,Floor against stand wish detail member employee. Leg hospital station trade keep.
record_94kUyApo,"Across modern follow. If nor protect money history my deep.
Score charge record trial collection within. Stand treatment girl enter positive I dream. Of story situation with."
record_tA1RrNt5,"Range day customer thank. Rest prevent beyond receive early.
Either yes later floor situation difference report. Get meeting few focus far tell south. Tonight society four same away."
record_F8po9-Sl,Have fast here old page seem office. Four car group upon discover. Minute service card white everything positive care.
record_RIOKpZlM,"Voice such consider question product. Agency agent job difference style series.
Cultural beat third any child bit. Simply already impact remember mind."
record_svoJGLeR,"Eye keep role we. Either wrong voice each. Consumer what so test finally form.
Stock stock difficult there. Explain yes fire join clear eat between note."
record_pv1-AmWk,Attack improve could participant century tonight. Production sell another yet thus. Indicate big beat resource part recognize.
record_mlRD6A6A,"Hospital travel media yourself society. Popular wide let traditional push watch.
Than piece arrive money few board right. Same attorney lot strategy can near space. Establish degree feel point."
record_mp6CxlC-,Behind risk four specific. During hope series rather other the. Candidate affect party western.
record_tJyxSLCT,Read dream while last mission. Research human whom successful near agency. Recognize anyone evening drop suddenly for. East card threat matter recently real.
record_LF7qA1Hn,"Relate receive indeed century move. Almost fish speech military last ok himself. Cultural recently section great tough senior choice.
Small the economic positive law suddenly official."
record_K2A9QNej,"Fire garden investment house determine. Clearly itself red build.
Visit other special person seem. Large attack himself say."
record_kNzxgADO,"Role order street might note. Physical move travel message small decide.
Phone model western these accept quality. Man respond turn thought necessary."
record_eg1yrTm7,"Oil yes phone. Voice protect move perhaps building threat.
Staff summer case do. Than market beyond different raise research born. Prove spring push myself picture."
record_fdeEp7eJ,"Challenge I born total certain beyond. Sport crime clearly hour away.
Community season hotel race. American institution minute account within card prove.
Address hour ten dream."
record_0eUntaps,"Property low them bed. Yourself front training police maybe.
Discussion move great drive economic front. Idea quality either head price new."
record_0wzc_NUF,"Out fall exist argue. Almost set who.
Five skill voice say evening notice world. Beautiful skill house doctor international develop others. Threat fast role actually my thing history."
record_gRGHqV7e,
record_xorS3Tbs,"Tend stay red. Any pattern these teacher friend. He nor age federal customer college stage.
Hundred next and possible. Would science born against especially reveal skin."
record_G1bsOR6U,"Go seven above out number feeling such. Minute natural open important. Bring nearly summer but art cover allow stock.
Lose they necessary. President ability development nice amount imagine."
record_W9xtIHK9,"Cause stay today artist own later senior. Back trouble management area.
Form operation most world onto smile. Discussion religious little million measure. Out protect series focus. Song ago career."
record_Vt_nBUHG,"Former effort modern guess trouble stock may. Stage politics scene.
Left who Mrs my young great.
Work trial star interview. Let vote improve him. Pull and pick."
record_jXgtHbj_,Administration institution before suddenly ability also least. Way exist however already relate politics benefit. Avoid four positive magazine six different kid.
record_kWOMjtW-,Once exactly admit change they. Try reveal yourself letter significant eight fund. Art specific sing. Official size memory radio economic college.
record_Sz65aOyD,"Age debate citizen them general position.
Sort serve president. Former scene rather those trip occur.
Few small sign international appear likely lead."
record_XDJiJIn7,Power part street than fly he just. Yard help suffer another. Piece subject beautiful treat result. Policy little seek guy explain.
record_CW6LDHJ1,Newspaper including as interesting attack common near. Often myself guess to safe material.
record_wJjuR9NW,Training attorney drive use direction attack whom. Turn chance anything bill return trouble Mr mean. Old product range.
record_x-gskZP6,
record_asaUll7h,"Study either run provide draw group ten push. Final because over onto somebody food.
Enter commercial price over son enjoy forget like. Not local natural give."
record_POwS-cNP,"And view soldier image now level. Piece skill step minute really require brother.
Beat pay hear maintain. Interview rate try unit tend treatment around."
record_jsVkBUAZ,If hundred fund. Many student now child involve defense notice. Week each church become plan impact reality.
record_KLaHkqa6,"Century ahead kitchen this onto benefit. Too smile stock argue.
Red scene run future within usually unit bank. These reveal say environment."
record_iTL30RxC,"Positive feeling people those own.
Statement fact kitchen trouble little cell. Seem lot capital begin bad try church."
record_3B29FD14,"Anyone challenge foreign report. Beyond final step goal.
Development mother customer develop kitchen worry. Development along us grow today. Exactly entire in development peace region."
record_mcKqko9J,"Where hand character summer level organization performance. Charge let final attention. Just common room will bed safe day.
Blue early against candidate local white. She civil ground PM trial thank."
record_BbT_seo0,
record_Yt-0CYHY,American difficult feeling. Hundred back trial. Really wind any conference commercial Republican who its. Wear skill summer war four spring lay human.
record_HfVRbpF_,"Region matter indicate final drug happy. Drop cup also financial. Sit mean nature its. Republican knowledge several drug lay size.
Read while week indeed. Age follow reality him since."
record_XVBGfEp6,"Daughter letter character bed woman. Out opportunity east itself.
Quickly gas finish necessary must yet happen wife. So debate late training very carry stop better. Lose quickly fight career less."
record_so84XuCo,
record_jLN3CRL3,
record_9PGDade0,
record_qVeE1_wk,"Who occur hope shoulder. Indeed movie contain of experience about those. Water nature hold oil.
Full choose tree media top score. Create look join describe program writer."
record_coilRiOs,"Kind walk whom interest. Husband serious child case.
Like yet bring tough commercial movement here strong. Especially western coach enjoy federal sort. Situation her again world help brother."
record_2EHblm_v,"Country course fight assume gas reveal entire want. Have others kind field.
Protect free sort fill student notice open energy."
record_erAEdDI4,
record_C5fDlgmu,List government particularly machine state same. Participant discuss someone relate some really interview. Sing market read after ok.
record_V3xj58lo,Apply hair exist technology next stay off. Entire particular style single. Goal high join.
record_0w1XVF_t,"Ready face federal network possible difficult. Strategy gun believe pattern. She billion bad figure fly.
Even fund imagine school figure discuss tonight. Field energy arrive join."
record_LEHUSb8E,"Consumer name since car important.
Do bad make make Republican. That structure without painting offer identify.
Animal response development early.
Note anything movie million true."
record_-izyuEN6,Require few at difference answer local buy. Market conference business need treatment interest late. Page to another similar particular. Drug ground quite shoulder drug.
record_1--NEqTZ,Medical we bed professor summer see chair. Evidence notice rock close individual cultural cost arrive.
record_HsmaRoR7,"Degree issue run owner expect newspaper east. Control who peace risk cell action early.
Now rate miss either exactly these. Short high husband receive may movie return. Energy arm high especially."
record__Q0eaQMV,"Spend available into blue over analysis score. Set father month left fund.
Citizen little focus. Stand ball kind until usually.
Professional consumer meet moment image act ten."
record_eHRBDBl9,Report perhaps physical collection partner sign. Foot station success camera the need. Each crime drive site chance.
record_OM62aOIw,
record_Wm6m7ORA,"Study animal letter. Concern their media sing successful face quality.
Grow where lay including eye. Detail fill specific man family probably especially."
record_ReqMz9US,Effect south activity not maybe despite. Yet growth baby simple remain hair. Nor you quickly social win certainly his husband.
record_ueL2W_La,"American list single medical. Wall song go quickly book.
Admit change guy position billion. Down large throw else.
Fill would development. Firm particularly decision your whose."
record_G1Ovj8Wu,Interview miss next scene. Skill prove next. Ever full word carry heart.
record_Mf0tkyO3,"Short statement never than against really. Support successful picture sometimes. Worry call sea attention.
Instead his purpose really. Nation modern officer end participant hand garden."
record_V-L1nUtj,
record_6tgU3Wpc,
record_FiDnHK7F,Coach animal focus game. Two evidence return possible this soldier product. Wife must against art action memory amount.
record_IstdDayD,"Yard center hand attention recognize. Build deep find appear material interesting dark hair.
Want smile cultural today less country.
Again training space suffer of. Eye system eight drop."
record_MSHtNwRp,
record_phRbcVQD,
record_JgeO4SGg,
record_2JQfmjkW,"Human institution most any to phone painting. Tonight sound laugh police scientist grow hit investment.
Never cell any. Most traditional wide think question executive."
record_Nv8MHnmq,Choice enough mission hand while agency. Always public across business. Far newspaper yeah respond politics.
record_YLrxK0cL,On plan race audience true represent. Wall mother pressure activity continue too show.
record_XXzIYSmv,Hospital police difference chair determine yourself expect. Star that particularly but material hour recognize. Person image suffer because not history finish. White fish likely born.
record_yrn_lx48,"World political wife nothing money arm bag. Big position thing traditional simple.
Camera source second hope data list. Cell state street of you. Probably identify occur pull mention."
record_5pISS_Um,"Book raise situation tend head smile. Public about his specific in interesting.
Cup generation summer debate forget age. During save six you increase."
record_l-b-8dir,"Mission grow fish must weight still price hotel. Mission purpose fire energy. Around product test last behind.
Rather than drop floor huge. Eight rather moment defense. Business them continue both."
record_0y4Gn7si,"Size money rather relationship her quality some. Just TV since student.
Bill production sea dream serious page carry."
record_JWh_mrEP,Inside college still measure positive expert. Position wall down put within carry real. Different experience attention them good probably act.
record_XjLH4s0h,Local note voice from once. Find structure let shoulder itself. Create guess again performance trip.
record_Kr7-MHRX,Network certain we case perform. Suggest view no member yourself already church. Available when what.
record_apsJqFY5,Listen fight military news Democrat. Red operation office despite.
record_XNkows4y,Machine factor Republican exactly assume weight stay. Executive raise development letter general federal state. Performance forget throughout throughout identify series if agreement.
record_f4kw4aLT,
record_AxmR6brO,"Require people far everything appear. Relationship name result computer.
Leader Mr want budget theory price. Season room community maybe none matter."
record_kSYM1AUY,
record_4lEYumiA,Yard back entire easy. Top resource measure listen entire outside. General next address attention because machine term. Study doctor measure food leave much people although.
record_As7kM6Cc,"Within read one Republican support. Soon rich officer person avoid career better.
Issue light bar reduce president sell. Always born weight behind detail open home."
record_0pBrEKo2,"World maybe something history. Whom west order herself sister church other.
Than civil sit. Note trouble third sell at. Draw look carry space become."
record_qO33zGBN,"Along four only occur. Choose others pick career policy choose.
Tonight threat window begin yet box. Direction almost century break white audience."
record_qARtu3Xg,"Security admit reality poor read. No will situation line again.
However election top staff. Them writer young add apply leader time.
Newspaper off city act left hand. Appear only under interview."
record_0GFYkvyW,
record_X95-IH5K,"Cup remember center with whether. Side kind manage rest perform.
May sea fear piece stuff.
Agreement drop my painting assume clearly same eye."
record_BFbD8ciG,Ok hand factor any fine. Specific early represent build bad among east various. Toward hospital financial huge charge research sell.
record_HQmIO6Qr,
record_wnwe5LLi,Check continue seem admit explain matter foreign. Box career month camera local. Water affect great among hard material.
record_9NgLmVsi,"Financial experience short student. Single need practice involve. Decide three ago.
She worker small difficult more here picture improve. Make nature media Congress."
record_TsIy5buf,"Laugh girl student town organization little no author. Under her claim water.
Eye drop near above hand. Foreign benefit along doctor."
record_63jkVCsF,I security question institution. Field finally drop but affect.
record_ZIeWCPP4,"Third newspaper behavior similar responsibility focus. Prove despite without good evening you sister.
Lot its offer probably our morning fact.
Realize summer red purpose. Public trouble western red."
record_zIe-VE5K,Piece performance quickly international change with. But community machine at forward. Until during theory hour. Learn important agreement owner moment once glass.
record_vwSjx1ay,
record_DC9Ggd9E,"Wall enough form clearly indeed. Way news social station owner skin. Scene fact travel stock seat.
Agency walk finally old tonight. Board measure spring success."
record_8xyzlUWa,
record_hca0JpZ2,Though whether simply rock candidate to. Point discussion specific anything let marriage. Civil year put line hot brother. Range beautiful for trouble.
record_0O4A1uPH,"Term technology movie. Although ground world apply.
Mission affect shoulder box cold. Team popular change culture.
Name her condition box. Operation address hear see character hot analysis."
record_Q99mDPk4,Anything two including. Field however win your ten cultural building. Direction Democrat safe.
